INSERT INTO customers (id, name, phone, area) VALUES (1, 'Ligna Kasim', '9800000000', 'Kerala');
INSERT INTO orders (id, customer_id, subtotal, gst_amount, total, paid_amount, payment_status, status, created_at, created_by) VALUES ('ORD-2026-03-001', 1, 600, 30, 630, 630, 'paid', 'delivered', '2026-01-01 10:00:00', 1);
INSERT INTO order_items (order_id, product_id, quantity, price, gst) VALUES ('ORD-2026-03-001', 4, 1, 600, 5);
INSERT INTO customers (id, name, phone, area) VALUES (2, 'Sufiya', '9800000001', 'Kerala');
INSERT INTO orders (id, customer_id, subtotal, gst_amount, total, paid_amount, payment_status, status, created_at, created_by) VALUES ('ORD-2026-03-002', 2, 600, 30, 630, 630, 'paid', 'delivered', '2026-01-01 10:00:00', 1);
INSERT INTO order_items (order_id, product_id, quantity, price, gst) VALUES ('ORD-2026-03-002', 4, 1, 600, 5);
INSERT INTO customers (id, name, phone, area) VALUES (3, 'Aysha Jumana', '9800000002', 'Kerala');
INSERT INTO orders (id, customer_id, subtotal, gst_amount, total, paid_amount, payment_status, status, created_at, created_by) VALUES ('ORD-2026-03-003', 3, 850, 42.5, 892.5, 892.5, 'paid', 'delivered', '2026-01-01 10:00:00', 1);
INSERT INTO order_items (order_id, product_id, quantity, price, gst) VALUES ('ORD-2026-03-003', 3, 1, 850, 5);
INSERT INTO customers (id, name, phone, area) VALUES (4, 'Rinsha', '9800000003', 'Kerala');
INSERT INTO orders (id, customer_id, subtotal, gst_amount, total, paid_amount, payment_status, status, created_at, created_by) VALUES ('ORD-2026-03-004', 4, 850, 102, 952, 952, 'paid', 'delivered', '2026-01-01 10:00:00', 1);
INSERT INTO order_items (order_id, product_id, quantity, price, gst) VALUES ('ORD-2026-03-004', 1, 1, 850, 12);
INSERT INTO customers (id, name, phone, area) VALUES (5, 'Abrar Hussain', '9800000004', 'Telangana');
INSERT INTO orders (id, customer_id, subtotal, gst_amount, total, paid_amount, payment_status, status, created_at, created_by) VALUES ('ORD-2026-03-005', 5, 850, 102, 952, 952, 'paid', 'delivered', '2026-01-01 10:00:00', 1);
INSERT INTO order_items (order_id, product_id, quantity, price, gst) VALUES ('ORD-2026-03-005', 1, 1, 850, 12);
INSERT INTO customers (id, name, phone, area) VALUES (6, 'Srnuthi', '9800000005', 'Tamil Nadu');
INSERT INTO orders (id, customer_id, subtotal, gst_amount, total, paid_amount, payment_status, status, created_at, created_by) VALUES ('ORD-2026-03-006', 6, 850, 102, 952, 952, 'paid', 'delivered', '2026-01-01 10:00:00', 1);
INSERT INTO order_items (order_id, product_id, quantity, price, gst) VALUES ('ORD-2026-03-006', 1, 1, 850, 12);
INSERT INTO customers (id, name, phone, area) VALUES (7, 'Sinehana', '9800000006', 'Karnataka');
INSERT INTO orders (id, customer_id, subtotal, gst_amount, total, paid_amount, payment_status, status, created_at, created_by) VALUES ('ORD-2026-03-007', 7, 850, 102, 952, 952, 'paid', 'delivered', '2026-01-01 10:00:00', 1);
INSERT INTO order_items (order_id, product_id, quantity, price, gst) VALUES ('ORD-2026-03-007', 1, 1, 850, 12);
INSERT INTO customers (id, name, phone, area) VALUES (8, 'P. Tanuja', '9800000007', 'Andhra Pradesh');
INSERT INTO orders (id, customer_id, subtotal, gst_amount, total, paid_amount, payment_status, status, created_at, created_by) VALUES ('ORD-2026-03-008', 8, 850, 102, 952, 952, 'paid', 'delivered', '2026-01-01 10:00:00', 1);
INSERT INTO order_items (order_id, product_id, quantity, price, gst) VALUES ('ORD-2026-03-008', 1, 1, 850, 12);
INSERT INTO customers (id, name, phone, area) VALUES (9, 'Nayana Malayil', '9800000008', 'Maharashtra');
INSERT INTO orders (id, customer_id, subtotal, gst_amount, total, paid_amount, payment_status, status, created_at, created_by) VALUES ('ORD-2026-03-009', 9, 850, 102, 952, 952, 'paid', 'delivered', '2026-01-01 10:00:00', 1);
INSERT INTO order_items (order_id, product_id, quantity, price, gst) VALUES ('ORD-2026-03-009', 1, 1, 850, 12);
INSERT INTO customers (id, name, phone, area) VALUES (10, 'Shafna Riyas', '9800000009', 'Kerala');
INSERT INTO orders (id, customer_id, subtotal, gst_amount, total, paid_amount, payment_status, status, created_at, created_by) VALUES ('ORD-2026-03-010', 10, 850, 102, 952, 952, 'paid', 'delivered', '2026-01-01 10:00:00', 1);
INSERT INTO order_items (order_id, product_id, quantity, price, gst) VALUES ('ORD-2026-03-010', 1, 1, 850, 12);
INSERT INTO customers (id, name, phone, area) VALUES (11, 'Stella Mary', '9800000010', 'Tamil Nadu');
INSERT INTO orders (id, customer_id, subtotal, gst_amount, total, paid_amount, payment_status, status, created_at, created_by) VALUES ('ORD-2026-03-011', 11, 850, 102, 952, 952, 'paid', 'delivered', '2026-01-01 10:00:00', 1);
INSERT INTO order_items (order_id, product_id, quantity, price, gst) VALUES ('ORD-2026-03-011', 1, 1, 850, 12);
INSERT INTO customers (id, name, phone, area) VALUES (12, 'Nilashni', '9800000011', 'Tamil Nadu');
INSERT INTO orders (id, customer_id, subtotal, gst_amount, total, paid_amount, payment_status, status, created_at, created_by) VALUES ('ORD-2026-03-012', 12, 850, 102, 952, 952, 'paid', 'delivered', '2026-01-01 10:00:00', 1);
INSERT INTO order_items (order_id, product_id, quantity, price, gst) VALUES ('ORD-2026-03-012', 1, 1, 850, 12);
INSERT INTO customers (id, name, phone, area) VALUES (13, 'Mohamed Machinde', '9800000012', 'Karnataka');
INSERT INTO orders (id, customer_id, subtotal, gst_amount, total, paid_amount, payment_status, status, created_at, created_by) VALUES ('ORD-2026-03-013', 13, 850, 102, 952, 952, 'paid', 'delivered', '2026-01-01 10:00:00', 1);
INSERT INTO order_items (order_id, product_id, quantity, price, gst) VALUES ('ORD-2026-03-013', 1, 1, 850, 12);
INSERT INTO customers (id, name, phone, area) VALUES (14, 'Josly Johnson', '9800000013', 'Kerala');
INSERT INTO orders (id, customer_id, subtotal, gst_amount, total, paid_amount, payment_status, status, created_at, created_by) VALUES ('ORD-2026-03-014', 14, 850, 102, 952, 952, 'paid', 'delivered', '2026-01-01 10:00:00', 1);
INSERT INTO order_items (order_id, product_id, quantity, price, gst) VALUES ('ORD-2026-03-014', 1, 1, 850, 12);
INSERT INTO customers (id, name, phone, area) VALUES (15, 'Profferser Khan', '9800000014', 'Karnataka');
INSERT INTO orders (id, customer_id, subtotal, gst_amount, total, paid_amount, payment_status, status, created_at, created_by) VALUES ('ORD-2026-03-015', 15, 850, 102, 952, 952, 'paid', 'delivered', '2026-01-01 10:00:00', 1);
INSERT INTO order_items (order_id, product_id, quantity, price, gst) VALUES ('ORD-2026-03-015', 1, 1, 850, 12);
INSERT INTO customers (id, name, phone, area) VALUES (16, 'Dhanya Ashok', '9800000015', 'Kerala');
INSERT INTO orders (id, customer_id, subtotal, gst_amount, total, paid_amount, payment_status, status, created_at, created_by) VALUES ('ORD-2026-03-016', 16, 850, 102, 952, 952, 'paid', 'delivered', '2026-01-01 10:00:00', 1);
INSERT INTO order_items (order_id, product_id, quantity, price, gst) VALUES ('ORD-2026-03-016', 1, 1, 850, 12);
INSERT INTO customers (id, name, phone, area) VALUES (17, 'Tamanna Surayya', '9800000016', 'Kerala');
INSERT INTO orders (id, customer_id, subtotal, gst_amount, total, paid_amount, payment_status, status, created_at, created_by) VALUES ('ORD-2026-03-017', 17, 850, 102, 952, 952, 'paid', 'delivered', '2026-01-01 10:00:00', 1);
INSERT INTO order_items (order_id, product_id, quantity, price, gst) VALUES ('ORD-2026-03-017', 1, 1, 850, 12);
INSERT INTO customers (id, name, phone, area) VALUES (18, 'Ammu Manu', '9800000017', 'Kerala');
INSERT INTO orders (id, customer_id, subtotal, gst_amount, total, paid_amount, payment_status, status, created_at, created_by) VALUES ('ORD-2026-03-018', 18, 850, 102, 952, 952, 'paid', 'delivered', '2026-01-01 10:00:00', 1);
INSERT INTO order_items (order_id, product_id, quantity, price, gst) VALUES ('ORD-2026-03-018', 1, 1, 850, 12);
INSERT INTO customers (id, name, phone, area) VALUES (19, 'Laxmi Kumari', '9800000018', 'Jharkhand');
INSERT INTO orders (id, customer_id, subtotal, gst_amount, total, paid_amount, payment_status, status, created_at, created_by) VALUES ('ORD-2026-03-019', 19, 850, 102, 952, 952, 'paid', 'delivered', '2026-01-01 10:00:00', 1);
INSERT INTO order_items (order_id, product_id, quantity, price, gst) VALUES ('ORD-2026-03-019', 1, 1, 850, 12);
INSERT INTO customers (id, name, phone, area) VALUES (20, 'Hajara Anas', '9800000019', 'Kerala');
INSERT INTO orders (id, customer_id, subtotal, gst_amount, total, paid_amount, payment_status, status, created_at, created_by) VALUES ('ORD-2026-03-020', 20, 1700, 204, 1904, 1904, 'paid', 'delivered', '2026-01-01 10:00:00', 1);
INSERT INTO order_items (order_id, product_id, quantity, price, gst) VALUES ('ORD-2026-03-020', 1, 2, 850, 12);
INSERT INTO customers (id, name, phone, area) VALUES (21, 'Ajmi Shamnad', '9800000020', 'Kerala');
INSERT INTO orders (id, customer_id, subtotal, gst_amount, total, paid_amount, payment_status, status, created_at, created_by) VALUES ('ORD-2026-03-021', 21, 850, 102, 952, 952, 'paid', 'delivered', '2026-01-01 10:00:00', 1);
INSERT INTO order_items (order_id, product_id, quantity, price, gst) VALUES ('ORD-2026-03-021', 1, 1, 850, 12);
INSERT INTO customers (id, name, phone, area) VALUES (22, 'Sharvana Sharma', '9800000021', 'Kerala');
INSERT INTO orders (id, customer_id, subtotal, gst_amount, total, paid_amount, payment_status, status, created_at, created_by) VALUES ('ORD-2026-03-022', 22, 2550, 246.5, 2796.5, 2796.5, 'paid', 'delivered', '2026-01-01 10:00:00', 1);
INSERT INTO order_items (order_id, product_id, quantity, price, gst) VALUES ('ORD-2026-03-022', 1, 1, 850, 12);
INSERT INTO order_items (order_id, product_id, quantity, price, gst) VALUES ('ORD-2026-03-022', 3, 1, 850, 5);
INSERT INTO order_items (order_id, product_id, quantity, price, gst) VALUES ('ORD-2026-03-022', 2, 1, 850, 12);
INSERT INTO customers (id, name, phone, area) VALUES (23, 'Azhar', '9800000022', 'Kerala');
INSERT INTO orders (id, customer_id, subtotal, gst_amount, total, paid_amount, payment_status, status, created_at, created_by) VALUES ('ORD-2026-03-023', 23, 2550, 246.5, 2796.5, 2796.5, 'paid', 'delivered', '2026-01-01 10:00:00', 1);
INSERT INTO order_items (order_id, product_id, quantity, price, gst) VALUES ('ORD-2026-03-023', 1, 2, 850, 12);
INSERT INTO order_items (order_id, product_id, quantity, price, gst) VALUES ('ORD-2026-03-023', 3, 1, 850, 5);
INSERT INTO customers (id, name, phone, area) VALUES (24, 'Jinu Abraham', '9800000023', 'Kerala');
INSERT INTO orders (id, customer_id, subtotal, gst_amount, total, paid_amount, payment_status, status, created_at, created_by) VALUES ('ORD-2026-03-024', 24, 2550, 306, 2856, 2856, 'paid', 'delivered', '2026-01-01 10:00:00', 1);
INSERT INTO order_items (order_id, product_id, quantity, price, gst) VALUES ('ORD-2026-03-024', 1, 3, 850, 12);
INSERT INTO customers (id, name, phone, area) VALUES (25, 'Ishrath', '9800000024', 'Kerala');
INSERT INTO orders (id, customer_id, subtotal, gst_amount, total, paid_amount, payment_status, status, created_at, created_by) VALUES ('ORD-2026-03-025', 25, 1700, 204, 1904, 1904, 'paid', 'delivered', '2026-01-01 10:00:00', 1);
INSERT INTO order_items (order_id, product_id, quantity, price, gst) VALUES ('ORD-2026-03-025', 1, 2, 850, 12);
INSERT INTO customers (id, name, phone, area) VALUES (26, 'Munna Fasalu', '9800000025', 'Kerala');
INSERT INTO orders (id, customer_id, subtotal, gst_amount, total, paid_amount, payment_status, status, created_at, created_by) VALUES ('ORD-2026-03-026', 26, 850, 102, 952, 952, 'paid', 'delivered', '2026-01-01 10:00:00', 1);
INSERT INTO order_items (order_id, product_id, quantity, price, gst) VALUES ('ORD-2026-03-026', 1, 1, 850, 12);
INSERT INTO customers (id, name, phone, area) VALUES (27, 'Prasanna', '9800000026', 'Telangana');
INSERT INTO orders (id, customer_id, subtotal, gst_amount, total, paid_amount, payment_status, status, created_at, created_by) VALUES ('ORD-2026-03-027', 27, 850, 102, 952, 952, 'paid', 'delivered', '2026-01-01 10:00:00', 1);
INSERT INTO order_items (order_id, product_id, quantity, price, gst) VALUES ('ORD-2026-03-027', 1, 1, 850, 12);
INSERT INTO customers (id, name, phone, area) VALUES (28, 'Manesha Kumari', '9800000027', 'Bihar');
INSERT INTO orders (id, customer_id, subtotal, gst_amount, total, paid_amount, payment_status, status, created_at, created_by) VALUES ('ORD-2026-03-028', 28, 850, 102, 952, 952, 'paid', 'delivered', '2026-01-01 10:00:00', 1);
INSERT INTO order_items (order_id, product_id, quantity, price, gst) VALUES ('ORD-2026-03-028', 1, 1, 850, 12);
INSERT INTO customers (id, name, phone, area) VALUES (29, 'Icher Mobile', '9800000028', 'Kerala');
INSERT INTO orders (id, customer_id, subtotal, gst_amount, total, paid_amount, payment_status, status, created_at, created_by) VALUES ('ORD-2026-03-029', 29, 850, 102, 952, 952, 'paid', 'delivered', '2026-01-01 10:00:00', 1);
INSERT INTO order_items (order_id, product_id, quantity, price, gst) VALUES ('ORD-2026-03-029', 1, 1, 850, 12);
INSERT INTO customers (id, name, phone, area) VALUES (30, 'Muhammed Kutty', '9800000029', 'Kerala');
INSERT INTO orders (id, customer_id, subtotal, gst_amount, total, paid_amount, payment_status, status, created_at, created_by) VALUES ('ORD-2026-03-030', 30, 850, 102, 952, 952, 'paid', 'delivered', '2026-01-01 10:00:00', 1);
INSERT INTO order_items (order_id, product_id, quantity, price, gst) VALUES ('ORD-2026-03-030', 1, 1, 850, 12);
INSERT INTO customers (id, name, phone, area) VALUES (31, 'Mubarak', '9800000030', 'Kerala');
INSERT INTO orders (id, customer_id, subtotal, gst_amount, total, paid_amount, payment_status, status, created_at, created_by) VALUES ('ORD-2026-03-031', 31, 850, 102, 952, 952, 'paid', 'delivered', '2026-01-01 10:00:00', 1);
INSERT INTO order_items (order_id, product_id, quantity, price, gst) VALUES ('ORD-2026-03-031', 1, 1, 850, 12);
INSERT INTO customers (id, name, phone, area) VALUES (32, 'Farhen Sultana', '9800000031', 'West Bengal');
INSERT INTO orders (id, customer_id, subtotal, gst_amount, total, paid_amount, payment_status, status, created_at, created_by) VALUES ('ORD-2026-03-032', 32, 850, 102, 952, 952, 'paid', 'delivered', '2026-01-01 10:00:00', 1);
INSERT INTO order_items (order_id, product_id, quantity, price, gst) VALUES ('ORD-2026-03-032', 1, 1, 850, 12);
INSERT INTO customers (id, name, phone, area) VALUES (33, 'Noufiya', '9800000032', 'Kerala');
INSERT INTO orders (id, customer_id, subtotal, gst_amount, total, paid_amount, payment_status, status, created_at, created_by) VALUES ('ORD-2026-03-033', 33, 850, 102, 952, 952, 'paid', 'delivered', '2026-01-01 10:00:00', 1);
INSERT INTO order_items (order_id, product_id, quantity, price, gst) VALUES ('ORD-2026-03-033', 1, 1, 850, 12);
INSERT INTO customers (id, name, phone, area) VALUES (34, 'Shahanas', '9800000033', 'Kerala');
INSERT INTO orders (id, customer_id, subtotal, gst_amount, total, paid_amount, payment_status, status, created_at, created_by) VALUES ('ORD-2026-03-034', 34, 850, 102, 952, 952, 'paid', 'delivered', '2026-01-01 10:00:00', 1);
INSERT INTO order_items (order_id, product_id, quantity, price, gst) VALUES ('ORD-2026-03-034', 1, 1, 850, 12);
INSERT INTO customers (id, name, phone, area) VALUES (35, 'Gayathri Shekhar', '9800000034', 'Karnataka');
INSERT INTO orders (id, customer_id, subtotal, gst_amount, total, paid_amount, payment_status, status, created_at, created_by) VALUES ('ORD-2026-03-035', 35, 850, 102, 952, 952, 'paid', 'delivered', '2026-01-01 10:00:00', 1);
INSERT INTO order_items (order_id, product_id, quantity, price, gst) VALUES ('ORD-2026-03-035', 1, 1, 850, 12);
INSERT INTO customers (id, name, phone, area) VALUES (36, 'Gowthami', '9800000035', 'Tamil Nadu');
INSERT INTO orders (id, customer_id, subtotal, gst_amount, total, paid_amount, payment_status, status, created_at, created_by) VALUES ('ORD-2026-03-036', 36, 850, 102, 952, 952, 'paid', 'delivered', '2026-01-01 10:00:00', 1);
INSERT INTO order_items (order_id, product_id, quantity, price, gst) VALUES ('ORD-2026-03-036', 1, 1, 850, 12);
INSERT INTO customers (id, name, phone, area) VALUES (37, 'Abisha', '9800000036', 'Tamil Nadu');
INSERT INTO orders (id, customer_id, subtotal, gst_amount, total, paid_amount, payment_status, status, created_at, created_by) VALUES ('ORD-2026-03-037', 37, 850, 102, 952, 952, 'paid', 'delivered', '2026-01-01 10:00:00', 1);
INSERT INTO order_items (order_id, product_id, quantity, price, gst) VALUES ('ORD-2026-03-037', 1, 1, 850, 12);
INSERT INTO customers (id, name, phone, area) VALUES (38, 'Nuhana', '9800000037', 'Kerala');
INSERT INTO orders (id, customer_id, subtotal, gst_amount, total, paid_amount, payment_status, status, created_at, created_by) VALUES ('ORD-2026-03-038', 38, 850, 102, 952, 952, 'paid', 'delivered', '2026-01-01 10:00:00', 1);
INSERT INTO order_items (order_id, product_id, quantity, price, gst) VALUES ('ORD-2026-03-038', 1, 1, 850, 12);
INSERT INTO customers (id, name, phone, area) VALUES (39, 'Ayishajaleel', '9800000038', 'Kerala');
INSERT INTO orders (id, customer_id, subtotal, gst_amount, total, paid_amount, payment_status, status, created_at, created_by) VALUES ('ORD-2026-03-039', 39, 850, 102, 952, 952, 'paid', 'delivered', '2026-01-01 10:00:00', 1);
INSERT INTO order_items (order_id, product_id, quantity, price, gst) VALUES ('ORD-2026-03-039', 1, 1, 850, 12);
INSERT INTO customers (id, name, phone, area) VALUES (40, 'Ifana', '9800000039', 'Kerala');
INSERT INTO orders (id, customer_id, subtotal, gst_amount, total, paid_amount, payment_status, status, created_at, created_by) VALUES ('ORD-2026-03-040', 40, 3150, 336, 3486, 3486, 'paid', 'delivered', '2026-01-01 10:00:00', 1);
INSERT INTO order_items (order_id, product_id, quantity, price, gst) VALUES ('ORD-2026-03-040', 1, 3, 850, 12);
INSERT INTO order_items (order_id, product_id, quantity, price, gst) VALUES ('ORD-2026-03-040', 4, 1, 600, 5);
INSERT INTO customers (id, name, phone, area) VALUES (41, 'Abdulla Muhmmt', '9800000040', 'Kerala');
INSERT INTO orders (id, customer_id, subtotal, gst_amount, total, paid_amount, payment_status, status, created_at, created_by) VALUES ('ORD-2026-03-041', 41, 850, 102, 952, 952, 'paid', 'delivered', '2026-01-01 10:00:00', 1);
INSERT INTO order_items (order_id, product_id, quantity, price, gst) VALUES ('ORD-2026-03-041', 1, 1, 850, 12);
INSERT INTO customers (id, name, phone, area) VALUES (42, 'Anu Mary', '9800000041', 'Kerala');
INSERT INTO orders (id, customer_id, subtotal, gst_amount, total, paid_amount, payment_status, status, created_at, created_by) VALUES ('ORD-2026-03-042', 42, 3400, 408, 3808, 3808, 'paid', 'delivered', '2026-01-01 10:00:00', 1);
INSERT INTO order_items (order_id, product_id, quantity, price, gst) VALUES ('ORD-2026-03-042', 2, 4, 850, 12);
INSERT INTO customers (id, name, phone, area) VALUES (43, 'Rahmath', '9800000042', 'Kerala');
INSERT INTO orders (id, customer_id, subtotal, gst_amount, total, paid_amount, payment_status, status, created_at, created_by) VALUES ('ORD-2026-03-043', 43, 1700, 204, 1904, 1904, 'paid', 'delivered', '2026-01-01 10:00:00', 1);
INSERT INTO order_items (order_id, product_id, quantity, price, gst) VALUES ('ORD-2026-03-043', 1, 2, 850, 12);
INSERT INTO customers (id, name, phone, area) VALUES (44, 'Mutala', '9800000043', 'Kerala');
INSERT INTO orders (id, customer_id, subtotal, gst_amount, total, paid_amount, payment_status, status, created_at, created_by) VALUES ('ORD-2026-03-044', 44, 850, 102, 952, 952, 'paid', 'delivered', '2026-01-01 10:00:00', 1);
INSERT INTO order_items (order_id, product_id, quantity, price, gst) VALUES ('ORD-2026-03-044', 1, 1, 850, 12);
INSERT INTO customers (id, name, phone, area) VALUES (45, 'Hasna', '9800000044', 'Kerala');
INSERT INTO orders (id, customer_id, subtotal, gst_amount, total, paid_amount, payment_status, status, created_at, created_by) VALUES ('ORD-2026-03-045', 45, 850, 102, 952, 952, 'paid', 'delivered', '2026-01-01 10:00:00', 1);
INSERT INTO order_items (order_id, product_id, quantity, price, gst) VALUES ('ORD-2026-03-045', 1, 1, 850, 12);
INSERT INTO customers (id, name, phone, area) VALUES (46, 'Athra Fathima', '9800000045', 'Kerala');
INSERT INTO orders (id, customer_id, subtotal, gst_amount, total, paid_amount, payment_status, status, created_at, created_by) VALUES ('ORD-2026-03-046', 46, 850, 102, 952, 952, 'paid', 'delivered', '2026-01-01 10:00:00', 1);
INSERT INTO order_items (order_id, product_id, quantity, price, gst) VALUES ('ORD-2026-03-046', 1, 1, 850, 12);
INSERT INTO customers (id, name, phone, area) VALUES (47, 'Valluri Sunatha', '9800000046', 'Telangana');
INSERT INTO orders (id, customer_id, subtotal, gst_amount, total, paid_amount, payment_status, status, created_at, created_by) VALUES ('ORD-2026-03-047', 47, 850, 102, 952, 952, 'paid', 'delivered', '2026-01-01 10:00:00', 1);
INSERT INTO order_items (order_id, product_id, quantity, price, gst) VALUES ('ORD-2026-03-047', 1, 1, 850, 12);
INSERT INTO customers (id, name, phone, area) VALUES (48, 'Revathi', '9800000047', 'Karnataka');
INSERT INTO orders (id, customer_id, subtotal, gst_amount, total, paid_amount, payment_status, status, created_at, created_by) VALUES ('ORD-2026-03-048', 48, 850, 102, 952, 952, 'paid', 'delivered', '2026-01-01 10:00:00', 1);
INSERT INTO order_items (order_id, product_id, quantity, price, gst) VALUES ('ORD-2026-03-048', 1, 1, 850, 12);
INSERT INTO customers (id, name, phone, area) VALUES (49, 'Ajma Saji', '9800000048', 'Kerala');
INSERT INTO orders (id, customer_id, subtotal, gst_amount, total, paid_amount, payment_status, status, created_at, created_by) VALUES ('ORD-2026-03-049', 49, 850, 102, 952, 952, 'paid', 'delivered', '2026-01-01 10:00:00', 1);
INSERT INTO order_items (order_id, product_id, quantity, price, gst) VALUES ('ORD-2026-03-049', 1, 1, 850, 12);
INSERT INTO customers (id, name, phone, area) VALUES (50, 'Meenu', '9800000049', 'Karnataka');
INSERT INTO orders (id, customer_id, subtotal, gst_amount, total, paid_amount, payment_status, status, created_at, created_by) VALUES ('ORD-2026-03-050', 50, 850, 102, 952, 952, 'paid', 'delivered', '2026-01-01 10:00:00', 1);
INSERT INTO order_items (order_id, product_id, quantity, price, gst) VALUES ('ORD-2026-03-050', 1, 1, 850, 12);
INSERT INTO customers (id, name, phone, area) VALUES (51, 'Thanseela', '9800000050', 'Kerala');
INSERT INTO orders (id, customer_id, subtotal, gst_amount, total, paid_amount, payment_status, status, created_at, created_by) VALUES ('ORD-2026-03-051', 51, 850, 102, 952, 952, 'paid', 'delivered', '2026-01-01 10:00:00', 1);
INSERT INTO order_items (order_id, product_id, quantity, price, gst) VALUES ('ORD-2026-03-051', 1, 1, 850, 12);
INSERT INTO customers (id, name, phone, area) VALUES (52, 'Jusana Nargees', '9800000051', 'Kerala');
INSERT INTO orders (id, customer_id, subtotal, gst_amount, total, paid_amount, payment_status, status, created_at, created_by) VALUES ('ORD-2026-03-052', 52, 850, 102, 952, 952, 'paid', 'delivered', '2026-01-01 10:00:00', 1);
INSERT INTO order_items (order_id, product_id, quantity, price, gst) VALUES ('ORD-2026-03-052', 1, 1, 850, 12);
INSERT INTO customers (id, name, phone, area) VALUES (53, 'Dibyaranjan Sahoo', '9800000052', 'Odisha');
INSERT INTO orders (id, customer_id, subtotal, gst_amount, total, paid_amount, payment_status, status, created_at, created_by) VALUES ('ORD-2026-03-053', 53, 2550, 306, 2856, 2856, 'paid', 'delivered', '2026-01-01 10:00:00', 1);
INSERT INTO order_items (order_id, product_id, quantity, price, gst) VALUES ('ORD-2026-03-053', 1, 3, 850, 12);
INSERT INTO customers (id, name, phone, area) VALUES (54, 'Nikhat Sabreen', '9800000053', 'Chhattisgarh');
INSERT INTO orders (id, customer_id, subtotal, gst_amount, total, paid_amount, payment_status, status, created_at, created_by) VALUES ('ORD-2026-03-054', 54, 850, 102, 952, 952, 'paid', 'delivered', '2026-01-01 10:00:00', 1);
INSERT INTO order_items (order_id, product_id, quantity, price, gst) VALUES ('ORD-2026-03-054', 1, 1, 850, 12);
INSERT INTO customers (id, name, phone, area) VALUES (55, 'Farhana Hamza', '9800000054', 'Kerala');
INSERT INTO orders (id, customer_id, subtotal, gst_amount, total, paid_amount, payment_status, status, created_at, created_by) VALUES ('ORD-2026-03-055', 55, 850, 102, 952, 952, 'paid', 'delivered', '2026-01-01 10:00:00', 1);
INSERT INTO order_items (order_id, product_id, quantity, price, gst) VALUES ('ORD-2026-03-055', 1, 1, 850, 12);
INSERT INTO customers (id, name, phone, area) VALUES (56, 'Vidya Shree', '9800000055', 'Karnataka');
INSERT INTO orders (id, customer_id, subtotal, gst_amount, total, paid_amount, payment_status, status, created_at, created_by) VALUES ('ORD-2026-03-056', 56, 850, 102, 952, 952, 'paid', 'delivered', '2026-01-01 10:00:00', 1);
INSERT INTO order_items (order_id, product_id, quantity, price, gst) VALUES ('ORD-2026-03-056', 1, 1, 850, 12);
INSERT INTO customers (id, name, phone, area) VALUES (57, 'Sunil Kumar', '9800000056', 'Karnataka');
INSERT INTO orders (id, customer_id, subtotal, gst_amount, total, paid_amount, payment_status, status, created_at, created_by) VALUES ('ORD-2026-03-057', 57, 850, 102, 952, 952, 'paid', 'delivered', '2026-01-01 10:00:00', 1);
INSERT INTO order_items (order_id, product_id, quantity, price, gst) VALUES ('ORD-2026-03-057', 1, 1, 850, 12);
INSERT INTO customers (id, name, phone, area) VALUES (58, 'Bhavya AB', '9800000057', 'Kerala');
INSERT INTO orders (id, customer_id, subtotal, gst_amount, total, paid_amount, payment_status, status, created_at, created_by) VALUES ('ORD-2026-03-058', 58, 850, 102, 952, 952, 'paid', 'delivered', '2026-01-01 10:00:00', 1);
INSERT INTO order_items (order_id, product_id, quantity, price, gst) VALUES ('ORD-2026-03-058', 1, 1, 850, 12);
INSERT INTO customers (id, name, phone, area) VALUES (59, 'Harshma Ranjul', '9800000058', 'Kerala');
INSERT INTO orders (id, customer_id, subtotal, gst_amount, total, paid_amount, payment_status, status, created_at, created_by) VALUES ('ORD-2026-03-059', 59, 850, 102, 952, 952, 'paid', 'delivered', '2026-01-01 10:00:00', 1);
INSERT INTO order_items (order_id, product_id, quantity, price, gst) VALUES ('ORD-2026-03-059', 1, 1, 850, 12);
INSERT INTO customers (id, name, phone, area) VALUES (60, 'Muhsina Siraj', '9800000059', 'Kerala');
INSERT INTO orders (id, customer_id, subtotal, gst_amount, total, paid_amount, payment_status, status, created_at, created_by) VALUES ('ORD-2026-03-060', 60, 850, 102, 952, 952, 'paid', 'delivered', '2026-01-01 10:00:00', 1);
INSERT INTO order_items (order_id, product_id, quantity, price, gst) VALUES ('ORD-2026-03-060', 1, 1, 850, 12);
INSERT INTO customers (id, name, phone, area) VALUES (61, 'Poorthibha Khade', '9800000060', 'Maharashtra');
INSERT INTO orders (id, customer_id, subtotal, gst_amount, total, paid_amount, payment_status, status, created_at, created_by) VALUES ('ORD-2026-03-061', 61, 850, 102, 952, 952, 'paid', 'delivered', '2026-01-01 10:00:00', 1);
INSERT INTO order_items (order_id, product_id, quantity, price, gst) VALUES ('ORD-2026-03-061', 1, 1, 850, 12);
INSERT INTO customers (id, name, phone, area) VALUES (62, 'Shuha Shirin', '9800000061', 'Kerala');
INSERT INTO orders (id, customer_id, subtotal, gst_amount, total, paid_amount, payment_status, status, created_at, created_by) VALUES ('ORD-2026-03-062', 62, 850, 102, 952, 952, 'paid', 'delivered', '2026-01-01 10:00:00', 1);
INSERT INTO order_items (order_id, product_id, quantity, price, gst) VALUES ('ORD-2026-03-062', 1, 1, 850, 12);
INSERT INTO customers (id, name, phone, area) VALUES (63, 'Preethi', '9800000062', 'Karnataka');
INSERT INTO orders (id, customer_id, subtotal, gst_amount, total, paid_amount, payment_status, status, created_at, created_by) VALUES ('ORD-2026-03-063', 63, 1700, 204, 1904, 1904, 'paid', 'delivered', '2026-01-01 10:00:00', 1);
INSERT INTO order_items (order_id, product_id, quantity, price, gst) VALUES ('ORD-2026-03-063', 1, 2, 850, 12);
INSERT INTO customers (id, name, phone, area) VALUES (64, 'Asiya Haseen', '9800000063', 'Kerala');
INSERT INTO orders (id, customer_id, subtotal, gst_amount, total, paid_amount, payment_status, status, created_at, created_by) VALUES ('ORD-2026-03-064', 64, 850, 102, 952, 952, 'paid', 'delivered', '2026-01-01 10:00:00', 1);
INSERT INTO order_items (order_id, product_id, quantity, price, gst) VALUES ('ORD-2026-03-064', 1, 1, 850, 12);
INSERT INTO customers (id, name, phone, area) VALUES (65, 'Muskan Taj', '9800000064', 'Karnataka');
INSERT INTO orders (id, customer_id, subtotal, gst_amount, total, paid_amount, payment_status, status, created_at, created_by) VALUES ('ORD-2026-03-065', 65, 850, 42.5, 892.5, 892.5, 'paid', 'delivered', '2026-01-01 10:00:00', 1);
INSERT INTO order_items (order_id, product_id, quantity, price, gst) VALUES ('ORD-2026-03-065', 3, 1, 850, 5);
INSERT INTO customers (id, name, phone, area) VALUES (66, 'Salim Shaikh', '9800000065', 'Maharashtra');
INSERT INTO orders (id, customer_id, subtotal, gst_amount, total, paid_amount, payment_status, status, created_at, created_by) VALUES ('ORD-2026-03-066', 66, 1700, 85, 1785, 1785, 'paid', 'delivered', '2026-01-01 10:00:00', 1);
INSERT INTO order_items (order_id, product_id, quantity, price, gst) VALUES ('ORD-2026-03-066', 3, 2, 850, 5);
INSERT INTO customers (id, name, phone, area) VALUES (67, 'Muskan Banu', '9800000066', 'Gujarat');
INSERT INTO orders (id, customer_id, subtotal, gst_amount, total, paid_amount, payment_status, status, created_at, created_by) VALUES ('ORD-2026-03-067', 67, 850, 102, 952, 952, 'paid', 'delivered', '2026-01-01 10:00:00', 1);
INSERT INTO order_items (order_id, product_id, quantity, price, gst) VALUES ('ORD-2026-03-067', 1, 1, 850, 12);
INSERT INTO customers (id, name, phone, area) VALUES (68, 'Gopisetti Sridhar', '9800000067', 'Telangana');
INSERT INTO orders (id, customer_id, subtotal, gst_amount, total, paid_amount, payment_status, status, created_at, created_by) VALUES ('ORD-2026-03-068', 68, 850, 102, 952, 952, 'paid', 'delivered', '2026-01-01 10:00:00', 1);
INSERT INTO order_items (order_id, product_id, quantity, price, gst) VALUES ('ORD-2026-03-068', 1, 1, 850, 12);
INSERT INTO customers (id, name, phone, area) VALUES (69, 'Arya Nair', '9800000068', 'Karnataka');
INSERT INTO orders (id, customer_id, subtotal, gst_amount, total, paid_amount, payment_status, status, created_at, created_by) VALUES ('ORD-2026-03-069', 69, 3150, 336, 3486, 3486, 'paid', 'delivered', '2026-01-01 10:00:00', 1);
INSERT INTO order_items (order_id, product_id, quantity, price, gst) VALUES ('ORD-2026-03-069', 1, 3, 850, 12);
INSERT INTO order_items (order_id, product_id, quantity, price, gst) VALUES ('ORD-2026-03-069', 4, 1, 600, 5);
INSERT INTO customers (id, name, phone, area) VALUES (70, 'Noel Duyog Dsouze', '9800000069', 'Goa');
INSERT INTO orders (id, customer_id, subtotal, gst_amount, total, paid_amount, payment_status, status, created_at, created_by) VALUES ('ORD-2026-03-070', 70, 1700, 144.5, 1844.5, 1844.5, 'paid', 'delivered', '2026-01-01 10:00:00', 1);
INSERT INTO order_items (order_id, product_id, quantity, price, gst) VALUES ('ORD-2026-03-070', 1, 1, 850, 12);
INSERT INTO order_items (order_id, product_id, quantity, price, gst) VALUES ('ORD-2026-03-070', 3, 1, 850, 5);
INSERT INTO customers (id, name, phone, area) VALUES (71, 'Krishnapriya', '9800000070', 'Kerala');
INSERT INTO orders (id, customer_id, subtotal, gst_amount, total, paid_amount, payment_status, status, created_at, created_by) VALUES ('ORD-2026-03-071', 71, 850, 102, 952, 952, 'paid', 'delivered', '2026-01-01 10:00:00', 1);
INSERT INTO order_items (order_id, product_id, quantity, price, gst) VALUES ('ORD-2026-03-071', 1, 1, 850, 12);
INSERT INTO customers (id, name, phone, area) VALUES (72, 'Divya Bharathi', '9800000071', 'Uttar Pradesh');
INSERT INTO orders (id, customer_id, subtotal, gst_amount, total, paid_amount, payment_status, status, created_at, created_by) VALUES ('ORD-2026-03-072', 72, 850, 102, 952, 952, 'paid', 'delivered', '2026-01-01 10:00:00', 1);
INSERT INTO order_items (order_id, product_id, quantity, price, gst) VALUES ('ORD-2026-03-072', 1, 1, 850, 12);
INSERT INTO customers (id, name, phone, area) VALUES (73, 'Catheren Britto', '9800000072', 'Tamil Nadu');
INSERT INTO orders (id, customer_id, subtotal, gst_amount, total, paid_amount, payment_status, status, created_at, created_by) VALUES ('ORD-2026-03-073', 73, 850, 102, 952, 952, 'paid', 'delivered', '2026-01-01 10:00:00', 1);
INSERT INTO order_items (order_id, product_id, quantity, price, gst) VALUES ('ORD-2026-03-073', 1, 1, 850, 12);
INSERT INTO customers (id, name, phone, area) VALUES (74, 'Mohan Kumar', '9800000073', 'Karnataka');
INSERT INTO orders (id, customer_id, subtotal, gst_amount, total, paid_amount, payment_status, status, created_at, created_by) VALUES ('ORD-2026-03-074', 74, 1700, 144.5, 1844.5, 1844.5, 'paid', 'delivered', '2026-01-01 10:00:00', 1);
INSERT INTO order_items (order_id, product_id, quantity, price, gst) VALUES ('ORD-2026-03-074', 1, 1, 850, 12);
INSERT INTO order_items (order_id, product_id, quantity, price, gst) VALUES ('ORD-2026-03-074', 3, 1, 850, 5);
INSERT INTO customers (id, name, phone, area) VALUES (75, 'Devika', '9800000074', 'Kerala');
INSERT INTO orders (id, customer_id, subtotal, gst_amount, total, paid_amount, payment_status, status, created_at, created_by) VALUES ('ORD-2026-03-075', 75, 850, 102, 952, 952, 'paid', 'delivered', '2026-01-01 10:00:00', 1);
INSERT INTO order_items (order_id, product_id, quantity, price, gst) VALUES ('ORD-2026-03-075', 1, 1, 850, 12);
INSERT INTO customers (id, name, phone, area) VALUES (76, 'Hashim', '9800000075', 'Kerala');
INSERT INTO orders (id, customer_id, subtotal, gst_amount, total, paid_amount, payment_status, status, created_at, created_by) VALUES ('ORD-2026-03-076', 76, 1700, 204, 1904, 1904, 'paid', 'delivered', '2026-01-01 10:00:00', 1);
INSERT INTO order_items (order_id, product_id, quantity, price, gst) VALUES ('ORD-2026-03-076', 1, 2, 850, 12);
- -   n e w   r u n  
 